{"cameraMode":{"drawMode":0,"name":"Shaded","section":"Shading Mode"},"sceneLighting":true,"audioPlay":false,"sceneViewState":{"showFog":true,"showMaterialUpdate":true,"showSkybox":true,"showFlares":true,"showImageEffects":true,"showParticleSystems":true},"in2DMode":false,"pivot":{"x":666.5032958984375,"y":300.0386962890625,"z":15.95220947265625},"rotation":{"x":0.03659931942820549,"y":0.012618268840014935,"z":-0.00046695847413502634,"w":0.9992609024047852},"size":322.82269287109377,"orthographic":false}