{"cameraMode":{"drawMode":0,"name":"Shaded","section":"Shading Mode"},"sceneLighting":false,"audioPlay":false,"sceneViewState":{"showFog":true,"showMaterialUpdate":true,"showSkybox":true,"showFlares":true,"showImageEffects":true,"showParticleSystems":true},"in2DMode":false,"pivot":{"x":-1.2411632537841797,"y":1.902696132659912,"z":-4.916918754577637},"rotation":{"x":-0.025597715750336648,"y":0.9721261262893677,"z":-0.19503650069236756,"w":-0.12758740782737733},"size":2.0861124992370607,"orthographic":false}