{"cameraMode":{"drawMode":0,"name":"Shaded","section":"Shading Mode"},"sceneLighting":false,"audioPlay":false,"sceneViewState":{"showFog":false,"showMaterialUpdate":false,"showSkybox":false,"showFlares":false,"showImageEffects":false,"showParticleSystems":false},"in2DMode":false,"pivot":{"x":-30.650402069091798,"y":62.05189514160156,"z":40.25762939453125},"rotation":{"x":0.18578709661960603,"y":-0.8137146830558777,"z":0.4057891070842743,"w":0.37248268723487856},"size":17.492525100708009,"orthographic":false}