{"cameraMode":{"drawMode":0,"name":"Shaded","section":"Shading Mode"},"sceneLighting":false,"audioPlay":false,"sceneViewState":{"showFog":true,"showMaterialUpdate":true,"showSkybox":false,"showFlares":true,"showImageEffects":true,"showParticleSystems":true},"in2DMode":false,"pivot":{"x":0.032851383090019229,"y":-0.06983055174350739,"z":-0.00910632498562336},"rotation":{"x":0.10425246506929398,"y":-0.8821249008178711,"z":0.2319362461566925,"w":0.39649948477745058},"size":3.327674627304077,"orthographic":false}