{"cameraMode":{"drawMode":0,"name":"Shaded","section":"Shading Mode"},"sceneLighting":false,"audioPlay":false,"sceneViewState":{"showFog":true,"showMaterialUpdate":true,"showSkybox":false,"showFlares":true,"showImageEffects":true,"showParticleSystems":true},"in2DMode":false,"pivot":{"x":0.415483295917511,"y":-2.5075106620788576,"z":-4.473541259765625},"rotation":{"x":0.09217759221792221,"y":-0.9045859575271606,"z":0.33184969425201418,"w":0.25124815106391909},"size":5.563967227935791,"orthographic":false}