{"cameraMode":{"drawMode":0,"name":"Shaded","section":"Shading Mode"},"sceneLighting":false,"audioPlay":false,"sceneViewState":{"showFog":true,"showMaterialUpdate":true,"showSkybox":false,"showFlares":true,"showImageEffects":true,"showParticleSystems":true},"in2DMode":false,"pivot":{"x":0.30187666416168215,"y":0.002900034189224243,"z":-0.003897249698638916},"rotation":{"x":0.03859308734536171,"y":-0.9594537019729614,"z":0.22627964615821839,"w":0.16363339126110078},"size":0.07326382398605347,"orthographic":false}