{"cameraMode":{"drawMode":0,"name":"Shaded","section":"Shading Mode"},"sceneLighting":false,"audioPlay":false,"sceneViewState":{"showFog":true,"showMaterialUpdate":true,"showSkybox":false,"showFlares":true,"showImageEffects":true,"showParticleSystems":true},"in2DMode":false,"pivot":{"x":-6.374629020690918,"y":1.3329122066497803,"z":4.382724761962891},"rotation":{"x":0.011913763359189034,"y":-0.536528468132019,"z":0.007559932768344879,"w":0.8437785506248474},"size":6.258416652679443,"orthographic":false}