{"cameraMode":{"drawMode":0,"name":"Shaded","section":"Shading Mode"},"sceneLighting":true,"audioPlay":false,"sceneViewState":{"showFog":true,"showMaterialUpdate":true,"showSkybox":true,"showFlares":true,"showImageEffects":true,"showParticleSystems":true},"in2DMode":false,"pivot":{"x":-9.04414176940918,"y":0.20746982097625733,"z":-4.061137676239014},"rotation":{"x":-0.0000291712349280715,"y":0.9999687671661377,"z":-0.009610182605683804,"w":-0.0015166228404268623},"size":0.8902403712272644,"orthographic":false}