{"cameraMode":{"drawMode":0,"name":"Shaded","section":"Shading Mode"},"sceneLighting":false,"audioPlay":false,"sceneViewState":{"showFog":true,"showMaterialUpdate":true,"showSkybox":true,"showFlares":true,"showImageEffects":true,"showParticleSystems":true},"in2DMode":false,"pivot":{"x":-6.375323295593262,"y":-2.6002349853515627,"z":-7.443692684173584},"rotation":{"x":-0.11786922067403794,"y":0.8361282348632813,"z":-0.19798016548156739,"w":-0.4977964162826538},"size":6.866641044616699,"orthographic":false}