{"cameraMode":{"drawMode":0,"name":"Shaded","section":"Shading Mode"},"sceneLighting":false,"audioPlay":false,"sceneViewState":{"showFog":true,"showMaterialUpdate":true,"showSkybox":false,"showFlares":true,"showImageEffects":true,"showParticleSystems":true},"in2DMode":false,"pivot":{"x":-0.8335253000259399,"y":0.5397436022758484,"z":1.4347312450408936},"rotation":{"x":0.12164270877838135,"y":-0.7085791826248169,"z":0.12609177827835084,"w":0.6835519075393677},"size":2.8630802631378176,"orthographic":false}