{"cameraMode":{"drawMode":0,"name":"Shaded","section":"Shading Mode"},"sceneLighting":false,"audioPlay":false,"sceneViewState":{"showFog":false,"showMaterialUpdate":false,"showSkybox":false,"showFlares":false,"showImageEffects":false,"showParticleSystems":false},"in2DMode":false,"pivot":{"x":0.0061372146010398869,"y":69.971923828125,"z":31.71835708618164},"rotation":{"x":-0.0910123661160469,"y":-0.9085184931755066,"z":0.2727167308330536,"w":-0.30330315232276919},"size":15.879883766174317,"orthographic":false}