{"cameraMode":{"drawMode":0,"name":"Shaded","section":"Shading Mode"},"sceneLighting":true,"audioPlay":false,"sceneViewState":{"showFog":true,"showMaterialUpdate":true,"showSkybox":true,"showFlares":true,"showImageEffects":true,"showParticleSystems":true},"in2DMode":false,"pivot":{"x":14.609552383422852,"y":0.5618441104888916,"z":-0.8326645493507385},"rotation":{"x":0.10997389256954193,"y":-0.848764181137085,"z":0.194804847240448,"w":0.4791441559791565},"size":1.0630806684494019,"orthographic":false}