{"cameraMode":{"drawMode":0,"name":"Shaded","section":"Shading Mode"},"sceneLighting":false,"audioPlay":false,"sceneViewState":{"showFog":true,"showMaterialUpdate":true,"showSkybox":false,"showFlares":true,"showImageEffects":true,"showParticleSystems":true},"in2DMode":false,"pivot":{"x":14.739999771118164,"y":0.0,"z":-0.388629674911499},"rotation":{"x":0.0021197968162596227,"y":-0.9769159555435181,"z":0.21344678103923798,"w":0.009693996980786324},"size":1.2960180044174195,"orthographic":false}