{"cameraMode":{"drawMode":0,"name":"Shaded","section":"Shading Mode"},"sceneLighting":false,"audioPlay":false,"sceneViewState":{"showFog":true,"showMaterialUpdate":true,"showSkybox":false,"showFlares":true,"showImageEffects":true,"showParticleSystems":true},"in2DMode":false,"pivot":{"x":-3.305192470550537,"y":-1.2876851558685303,"z":10.334567070007325},"rotation":{"x":0.19156168401241303,"y":-0.20382428169250489,"z":0.04070231691002846,"w":0.9592301845550537},"size":13.765166282653809,"orthographic":false}