{"cameraMode":{"drawMode":0,"name":"Shaded","section":"Shading Mode"},"sceneLighting":true,"audioPlay":false,"sceneViewState":{"showFog":true,"showMaterialUpdate":true,"showSkybox":true,"showFlares":true,"showImageEffects":true,"showParticleSystems":true},"in2DMode":false,"pivot":{"x":14.571416854858399,"y":0.5446612238883972,"z":-0.748920202255249},"rotation":{"x":0.11686303466558457,"y":-0.8361483812332153,"z":0.19587430357933045,"w":0.4988537132740021},"size":1.0630806684494019,"orthographic":false}